CustomerID,CustomerName,Email,OrderDate,ProductCategory,Price,Rating
1102,customer 0,customer0@example.com,2023-12-31,Books,51.18,5.0
1435,customer 1,customer1@example.com,2023-01-05,Books,55.38,5.0
1860,customer 2,customer2@example.com,04/29/23,Clothing,117.75,3.0
1270,CUSTOMER 3,customer3@example.com,10/16/23,Clothing,88.94,3.0
1106,customer 4,customer4@example.com,2023-03-06,Clothing,57.99,5.0
1071,customer 5,customer5@example.com,2023-05-26,Clothing,53.86,3.0
1700,CUSTOMER 6,customer6@example.com,08/12/23,Clothng,84.81,2.0
1020,customer 7,customer7@example.com,08/27/23,Electornics,178.41,5.0
1614,CUSTOMER 8,customer8@example.com,2023-06-26,Electronics,73.7,5.0
1121,customer 9,customer9@example.com,2023-09-24,Books,99.3,3.0
1466,CUSTOMER 10,customer10@example.com,2023-12-07,Clothng,105.08,1.0
1214,CUSTOMER 11,customer11@example.com,2023-10-09,Electronics,43.45,3.0
1330,CUSTOMER 12,customer12@example.com,03/04/23,Clothng,11.86,5.0
1458,customer 13,customer13@example.com,2023-08-05,Clothng,48.67,5.0
1087,CUSTOMER 14,customer14@example.com,2023-12-08,Books,112.35,2.0
1372,CUSTOMER 15,customer15@example.com,2023-11-11,Electornics,104.37,1.0
1099,customer 16,customer16@example.com,10/10/23,Clothing,135.12,5.0
1871,customer 17,customer17@example.com,2023-06-26,Electornics,104.84,3.0
1663,CUSTOMER 18,customer18@example.com,2023-04-08,Books,2000.0,4.0
1130,CUSTOMER 19,customer19@example.com,2023-04-15,Books,69.8,
1661,CUSTOMER 20,customer20@example.com,2023-04-09,Books,144.23,1.0
1308,CUSTOMER 21,customer21@example.com,11/07/23,Electronics,54.04,4.0
1769,customer 22,customer22@example.com,2023-01-06,Electornics,44.48,1.0
1343,customer 23,customer23@example.com,2023-07-16,Electornics,128.35,3.0
1491,customer 24,customer24@example.com,2023-12-17,Clothng,33.34,5.0
1413,CUSTOMER 25,customer25@example.com,2023-05-13,Clothng,220.74,3.0
1805,customer 26,customer26@example.com,2023-12-24,Clothng,104.0,
1385,customer 27,customer27@example.com,2023-09-16,Books,117.4,4.0
1191,customer 28,customer28@example.com,2023-01-23,Electornics,59.58,3.0
1955,customer 29,customer29@example.com,02/22/23,Books,84.24,2.0
1276,customer 30,,2023-06-14,Electronics,78.66,3.0
1160,customer 31,customer31@example.com,2023-07-21,Clothng,72.91,3.0
1459,CUSTOMER 32,customer32@example.com,2023-03-24,Books,131.65,1.0
1313,customer 33,customer33@example.com,2023-05-25,Books,77.52,3.0
1021,customer 34,customer34@example.com,2023-03-26,Electronics,150.88,3.0
1252,customer 35,customer35@example.com,2023-03-19,Clothing,233.16,4.0
1747,CUSTOMER 36,customer36@example.com,2023-01-01,Electornics,85.22,4.0
1856,customer 37,customer37@example.com,2023-02-20,Clothing,107.62,4.0
1560,customer 38,customer38@example.com,2023-06-22,Clothng,,1.0
1474,CUSTOMER 39,customer39@example.com,07/24/23,Books,190.58,2.0
1058,CUSTOMER 40,customer40@example.com,09/17/23,Electronics,95.87,4.0
1510,customer 41,customer41@example.com,2023-10-15,Electronics,58.55,3.0
1681,customer 42,customer42@example.com,02/03/23,Electornics,36.68,1.0
1475,customer 43,customer43@example.com,12/14/23,Clothing,-50.0,5.0
1699,CUSTOMER 44,customer44@example.com,2023-04-05,Electornics,77.58,5.0
1975,customer 45,customer45@example.com,2023-03-13,Books,200.5,4.0
1782,CUSTOMER 46,customer46@example.com,2023-02-08,Electornics,188.49,1.0
1189,CUSTOMER 47,customer47@example.com,2023-06-03,Electronics,48.28,5.0
1957,CUSTOMER 48,customer48@example.com,2023-09-07,Electronics,64.46,4.0
1686,CUSTOMER 49,customer49@example.com,2023-06-11,Clothng,103.69,5.0
1957,CUSTOMER 50,customer50@example.com,04/28/23,Clothng,169.86,5.0
1562,CUSTOMER 51,customer51@example.com,2023-09-16,Books,102.85,5.0
1875,CUSTOMER 52,customer52@example.com,2023-11-02,Clothing,67.64,4.0
1566,CUSTOMER 53,customer53@example.com,2023-09-25,Electornics,97.06,1.0
1243,customer 54,customer54@example.com,2023-02-23,Books,68.58,4.0
1831,CUSTOMER 55,customer55@example.com,2023-08-24,Clothng,130.12,4.0
1504,CUSTOMER 56,customer56@example.com,08/10/23,Electornics,64.55,4.0
1130,customer 57,customer57@example.com,2023-09-08,Clothng,74.48,2.0
1484,CUSTOMER 58,customer58@example.com,2023-11-09,Electornics,158.1,2.0
1818,customer 59,customer59@example.com,2023-04-22,Clothing,61.58,5.0
1646,CUSTOMER 60,customer60@example.com,09/12/23,Books,27.69,4.0
1020,CUSTOMER 61,customer61@example.com,2023-10-30,Electornics,104.75,5.0
1840,customer 62,customer62@example.com,2023-07-26,Electronics,81.98,5.0
1166,customer 63,customer63@example.com,08/17/23,Electronics,125.57,4.0
1273,customer 64,customer64@example.com,2023-12-07,Electornics,115.87,4.0
1387,customer 65,customer65@example.com,2023-03-07,Electornics,,5.0
1600,customer 66,customer66@example.com,2023-03-16,Electornics,96.95,4.0
1315,CUSTOMER 67,customer67@example.com,2023-04-13,Electronics,63.21,4.0
1013,CUSTOMER 68,customer68@example.com,2023-07-11,Electronics,104.17,2.0
1241,CUSTOMER 69,customer69@example.com,2023-09-09,Electornics,144.06,3.0
1776,CUSTOMER 70,,2023-08-14,Clothng,51.33,4.0
1345,customer 71,customer71@example.com,10/21/23,Clothng,99.73,2.0
1564,customer 72,customer72@example.com,2023-11-02,Clothing,151.92,2.0
1897,CUSTOMER 73,customer73@example.com,04/08/23,Books,125.27,3.0
1339,customer 74,customer74@example.com,12/04/23,Clothng,165.47,2.0
1091,customer 75,customer75@example.com,2023-10-13,Electronics,71.59,2.0
1366,CUSTOMER 76,customer76@example.com,2023-12-01,Clothng,8.46,3.0
1955,CUSTOMER 77,customer77@example.com,2023-12-13,Clothing,110.03,5.0
1454,CUSTOMER 78,customer78@example.com,2023-11-04,Clothing,118.13,4.0
1427,CUSTOMER 79,customer79@example.com,2023-09-06,Books,168.42,2.0
1508,CUSTOMER 80,customer80@example.com,06/15/23,Clothng,159.41,1.0
1775,customer 81,customer81@example.com,2023-12-01,Electronics,126.84,4.0
1942,CUSTOMER 82,customer82@example.com,2023-01-30,Electronics,138.27,3.0
1034,CUSTOMER 83,customer83@example.com,2023-09-04,Electornics,90.41,5.0
1205,customer 84,customer84@example.com,2023-04-16,Electronics,39.04,4.0
1080,customer 85,customer85@example.com,2023-02-20,Books,105.89,5.0
1931,customer 86,customer86@example.com,2023-03-22,Books,149.13,2.0
1561,CUSTOMER 87,customer87@example.com,05/13/23,Electronics,132.82,4.0
1871,CUSTOMER 88,customer88@example.com,2023-10-12,Electronics,141.69,2.0
1387,customer 89,customer89@example.com,2023-05-18,Electornics,,5.0
1001,CUSTOMER 90,customer90@example.com,2023-07-03,Electronics,86.72,4.0
1389,CUSTOMER 91,customer91@example.com,11/26/23,Electornics,124.17,3.0
1565,customer 92,customer92@example.com,2023-09-30,Electornics,72.67,2.0
1105,customer 93,customer93@example.com,12/06/23,Electronics,74.21,2.0
1771,CUSTOMER 94,customer94@example.com,2023-03-10,Clothing,114.9,4.0
1821,CUSTOMER 95,customer95@example.com,2023-02-03,Clothing,138.05,2.0
1476,CUSTOMER 96,customer96@example.com,09/19/23,Electornics,90.02,4.0
1702,CUSTOMER 97,customer97@example.com,2023-02-22,Electronics,41.84,2.0
1401,CUSTOMER 98,customer98@example.com,07/24/23,Clothing,63.21,4.0
1729,CUSTOMER 99,customer99@example.com,2023-05-06,Electronics,110.18,5.0
1555,CUSTOMER 100,customer100@example.com,2023-08-23,Electronics,-50.0,5.0
1161,customer 101,customer101@example.com,02/12/23,Electronics,112.06,5.0
1201,customer 102,customer102@example.com,08/28/23,Clothng,126.06,2.0
1957,customer 103,customer103@example.com,2023-04-21,Electronics,100.29,1.0
1995,CUSTOMER 104,customer104@example.com,09/06/23,Clothng,113.25,4.0
1269,CUSTOMER 105,customer105@example.com,05/31/23,Electornics,97.75,3.0
1862,CUSTOMER 106,customer106@example.com,2023-07-02,Clothing,157.44,3.0
1815,CUSTOMER 107,customer107@example.com,2023-12-02,Clothing,,1.0
1270,CUSTOMER 108,customer108@example.com,2023-04-05,Clothing,40.55,2.0
1455,customer 109,customer109@example.com,01/08/23,Clothing,87.24,1.0
1461,customer 110,customer110@example.com,12/26/23,Clothing,101.64,5.0
1726,customer 111,customer111@example.com,07/03/23,Clothing,86.65,2.0
1251,CUSTOMER 112,customer112@example.com,10/08/23,Clothing,189.65,4.0
1701,customer 113,customer113@example.com,2023-07-14,Electornics,111.2,1.0
1295,CUSTOMER 114,customer114@example.com,2023-12-18,Electronics,59.73,4.0
1724,CUSTOMER 115,customer115@example.com,07/14/23,Books,129.82,3.0
1719,CUSTOMER 116,customer116@example.com,2023-06-04,Clothng,113.55,5.0
1748,customer 117,customer117@example.com,2023-04-03,Books,115.21,5.0
1337,customer 118,customer118@example.com,2023-06-09,Books,190.39,3.0
1878,CUSTOMER 119,customer119@example.com,2023-03-02,Electronics,117.54,5.0
1052,customer 120,customer120@example.com,2023-05-02,Electronics,84.82,
1791,customer 121,customer121@example.com,02/20/23,Electronics,2.24,5.0
1921,CUSTOMER 122,customer122@example.com,10/04/23,Clothing,91.73,5.0
1216,CUSTOMER 123,customer123@example.com,2023-01-05,Electornics,165.3,2.0
1763,CUSTOMER 124,customer124@example.com,04/02/23,Clothing,95.44,4.0
1187,customer 125,customer125@example.com,2023-06-19,Electornics,-12.0,1.0
1379,CUSTOMER 126,customer126@example.com,2023-11-13,Electornics,75.08,1.0
1492,customer 127,customer127@example.com,2023-01-22,Books,149.63,
1040,CUSTOMER 128,customer128@example.com,2023-11-22,Books,127.29,3.0
1156,customer 129,customer129@example.com,2023-01-01,Electornics,58.01,4.0
1014,CUSTOMER 130,customer130@example.com,2023-05-13,Electornics,71.74,5.0
1812,customer 131,customer131@example.com,2023-08-21,Clothing,79.46,5.0
1064,customer 132,customer132@example.com,01/12/23,Clothing,66.86,
1856,customer 133,customer133@example.com,2023-12-12,Books,-1.48,2.0
1838,customer 134,customer134@example.com,02/15/23,Electronics,138.18,1.0
1520,CUSTOMER 135,customer135@example.com,2023-02-03,Electornics,162.85,3.0
1343,customer 136,customer136@example.com,2023-03-19,Clothing,24.08,1.0
1128,CUSTOMER 137,customer137@example.com,2023-08-06,Books,162.19,1.0
1647,CUSTOMER 138,customer138@example.com,2023-10-28,Clothing,94.85,3.0
1471,customer 139,customer139@example.com,2023-03-14,Electornics,161.26,5.0
1062,CUSTOMER 140,customer140@example.com,2023-10-09,Electornics,101.9,4.0
1138,customer 141,customer141@example.com,09/06/23,Clothng,106.78,3.0
1498,customer 142,customer142@example.com,2023-02-16,Electronics,118.62,4.0
1592,CUSTOMER 143,customer143@example.com,2023-05-01,Clothng,60.5,2.0
1391,customer 144,customer144@example.com,2023-08-02,Books,159.73,1.0
1674,CUSTOMER 145,customer145@example.com,2023-08-27,Clothing,43.93,5.0
1418,CUSTOMER 146,customer146@example.com,02/25/23,Books,79.9,4.0
1288,CUSTOMER 147,customer147@example.com,2023-12-16,Electornics,126.21,5.0
1378,customer 148,customer148@example.com,2023-04-17,Clothng,74.54,1.0
1772,customer 149,customer149@example.com,2023-11-15,Clothng,138.88,5.0
1489,customer 150,customer150@example.com,02/17/23,Clothng,168.79,4.0
1230,customer 151,customer151@example.com,2023-03-02,Books,150.63,4.0
1040,CUSTOMER 152,customer152@example.com,2023-12-03,Electornics,3.19,4.0
1027,CUSTOMER 153,customer153@example.com,01/26/23,Clothing,106.29,5.0
1134,customer 154,customer154@example.com,2023-10-19,Clothing,151.43,4.0
1200,CUSTOMER 155,,2023-09-14,Books,34.16,4.0
1839,CUSTOMER 156,customer156@example.com,2023-01-08,Clothng,136.18,
1779,CUSTOMER 157,customer157@example.com,2023-04-23,Electronics,133.37,5.0
1929,customer 158,customer158@example.com,2023-12-21,Books,39.4,3.0
1032,customer 159,customer159@example.com,2023-09-10,Books,141.71,4.0
1047,CUSTOMER 160,customer160@example.com,2023-06-29,Electornics,113.63,3.0
1502,CUSTOMER 161,customer161@example.com,07/26/23,Clothing,132.52,2.0
1406,customer 162,customer162@example.com,10/30/23,Books,51.68,4.0
1573,customer 163,customer163@example.com,2023-05-07,Books,107.51,5.0
1727,CUSTOMER 164,customer164@example.com,2023-02-25,Clothng,14.76,5.0
1804,customer 165,customer165@example.com,08/02/23,Clothng,-13.85,3.0
1098,CUSTOMER 166,customer166@example.com,2023-01-14,Electronics,107.04,4.0
1683,CUSTOMER 167,customer167@example.com,2023-01-28,Electornics,155.03,2.0
1871,customer 168,customer168@example.com,03/19/23,Electronics,112.65,
1725,customer 169,customer169@example.com,2023-08-04,Clothng,96.83,
1986,CUSTOMER 170,customer170@example.com,12/31/23,Clothing,90.62,4.0
1546,customer 171,customer171@example.com,2023-06-03,Clothng,52.87,5.0
1960,customer 172,customer172@example.com,2023-01-14,Electornics,88.91,4.0
1738,customer 173,customer173@example.com,2023-07-06,Clothng,121.08,4.0
1612,customer 174,customer174@example.com,11/08/23,Electornics,78.24,1.0
1942,customer 175,customer175@example.com,2023-01-07,Electornics,137.53,3.0
1461,CUSTOMER 176,customer176@example.com,2023-01-03,Electornics,109.8,4.0
1642,CUSTOMER 177,,2023-04-21,Electornics,115.85,4.0
1768,CUSTOMER 178,customer178@example.com,08/26/23,Electornics,144.43,3.0
1004,CUSTOMER 179,customer179@example.com,2023-12-29,Clothing,73.66,5.0
1217,customer 180,customer180@example.com,2023-08-27,Electronics,132.97,2.0
1502,customer 181,customer181@example.com,2023-10-01,Books,80.68,4.0
1766,CUSTOMER 182,customer182@example.com,2023-10-21,Electronics,116.98,4.0
1397,CUSTOMER 183,customer183@example.com,2023-08-15,Electornics,67.71,4.0
1870,CUSTOMER 184,customer184@example.com,2023-01-15,Clothing,54.46,4.0
1794,CUSTOMER 185,customer185@example.com,07/11/23,Clothng,104.59,2.0
1392,customer 186,,2023-04-29,Clothing,5.74,2.0
1206,CUSTOMER 187,,01/28/23,Electornics,85.19,4.0
1014,customer 188,,2023-07-21,Clothing,19.68,4.0
1857,customer 189,customer189@example.com,02/08/23,Clothing,138.96,2.0
1553,CUSTOMER 190,customer190@example.com,2023-09-30,Electornics,152.51,4.0
1891,CUSTOMER 191,customer191@example.com,08/19/23,Clothing,56.8,3.0
1460,CUSTOMER 192,customer192@example.com,2023-03-27,Books,121.42,4.0
1690,customer 193,customer193@example.com,2023-05-06,Books,144.96,5.0
1574,customer 194,customer194@example.com,10/27/23,Clothing,145.12,2.0
1863,CUSTOMER 195,customer195@example.com,01/25/23,Clothng,110.72,1.0
1742,customer 196,customer196@example.com,05/25/23,Electornics,136.72,5.0
1240,customer 197,customer197@example.com,2023-01-13,Books,67.53,4.0
1563,CUSTOMER 198,customer198@example.com,2023-07-31,Clothng,104.16,4.0
1095,CUSTOMER 199,customer199@example.com,2023-01-25,Clothing,76.64,5.0
1899,customer 200,customer200@example.com,03/09/23,Clothng,63.31,5.0
1733,customer 201,customer201@example.com,2023-03-08,Electronics,101.8,
1484,customer 202,customer202@example.com,2023-08-21,Books,,4.0
1406,customer 203,customer203@example.com,2023-04-19,Clothing,158.18,3.0
1230,customer 204,customer204@example.com,2023-05-26,Electornics,113.26,3.0
1748,CUSTOMER 205,customer205@example.com,04/21/23,Clothing,132.1,2.0
1654,customer 206,customer206@example.com,08/16/23,Electornics,132.66,4.0
1170,customer 207,customer207@example.com,04/21/23,Clothing,234.38,2.0
1540,customer 208,customer208@example.com,02/03/23,Clothng,9.5,5.0
1035,CUSTOMER 209,customer209@example.com,04/21/23,Clothng,65.6,4.0
1524,CUSTOMER 210,customer210@example.com,09/21/23,Clothng,173.7,4.0
1159,CUSTOMER 211,customer211@example.com,2023-08-24,Electronics,82.4,3.0
1838,CUSTOMER 212,customer212@example.com,2023-03-24,Electornics,144.29,1.0
1698,CUSTOMER 213,customer213@example.com,2023-02-11,Clothng,111.5,1.0
1242,customer 214,customer214@example.com,2023-04-11,Electronics,205.26,3.0
1085,customer 215,customer215@example.com,2023-01-06,Electornics,44.35,1.0
1795,CUSTOMER 216,customer216@example.com,06/29/23,Clothing,161.09,4.0
1577,customer 217,customer217@example.com,2023-10-09,Electronics,187.48,5.0
1681,CUSTOMER 218,customer218@example.com,11/16/23,Books,49.28,5.0
1556,CUSTOMER 219,customer219@example.com,2023-08-14,Electronics,139.14,4.0
1573,CUSTOMER 220,customer220@example.com,2023-11-11,Electronics,51.73,2.0
1952,customer 221,customer221@example.com,2023-12-31,Electornics,,5.0
1645,CUSTOMER 222,customer222@example.com,08/17/23,Clothing,87.17,5.0
1795,CUSTOMER 223,customer223@example.com,10/16/23,Books,-20.14,2.0
1027,CUSTOMER 224,customer224@example.com,2023-05-30,Clothng,121.21,4.0
1619,customer 225,customer225@example.com,10/04/23,Clothng,107.17,2.0
1555,CUSTOMER 226,customer226@example.com,2023-07-17,Electronics,173.95,5.0
1339,customer 227,customer227@example.com,2023-03-11,Electornics,130.56,
1797,customer 228,customer228@example.com,2023-04-22,Electornics,214.54,1.0
1957,customer 229,customer229@example.com,2023-01-04,Clothng,105.35,5.0
1330,customer 230,customer230@example.com,2023-12-16,Books,94.72,4.0
1639,CUSTOMER 231,customer231@example.com,11/27/23,Clothing,90.78,
1505,CUSTOMER 232,customer232@example.com,2023-11-14,Books,78.02,3.0
1347,customer 233,customer233@example.com,2023-12-16,Clothing,-10.39,5.0
1472,CUSTOMER 234,customer234@example.com,2023-04-05,Clothng,88.99,1.0
1230,customer 235,customer235@example.com,06/01/23,Clothing,-3.39,3.0
1189,customer 236,customer236@example.com,2023-11-07,Electornics,122.6,1.0
1224,customer 237,customer237@example.com,2023-05-17,Electronics,38.0,
1384,customer 238,customer238@example.com,2023-09-04,Electronics,55.28,5.0
1376,customer 239,customer239@example.com,2023-08-31,Clothng,66.53,5.0
1282,customer 240,customer240@example.com,01/31/23,Electornics,89.75,5.0
1957,CUSTOMER 241,customer241@example.com,2023-02-09,Books,100.34,1.0
1632,customer 242,customer242@example.com,2023-08-17,Electornics,154.22,3.0
1627,CUSTOMER 243,customer243@example.com,2023-02-05,Electronics,71.12,1.0
1972,CUSTOMER 244,customer244@example.com,2023-08-11,Electronics,124.01,2.0
1744,customer 245,customer245@example.com,01/06/23,Electornics,236.54,2.0
1258,CUSTOMER 246,customer246@example.com,2023-11-18,Electornics,118.87,3.0
1358,CUSTOMER 247,customer247@example.com,2023-08-08,Electronics,90.98,2.0
1709,CUSTOMER 248,customer248@example.com,2023-03-16,Books,61.04,1.0
1455,customer 249,customer249@example.com,2023-01-04,Clothng,90.28,2.0
1410,customer 250,customer250@example.com,2023-12-01,Clothng,55.69,1.0
1648,customer 251,customer251@example.com,2023-05-14,Electornics,113.43,
1317,CUSTOMER 252,customer252@example.com,04/28/23,Clothng,105.18,5.0
1676,customer 253,customer253@example.com,2023-04-04,Electronics,-8.11,
1224,customer 254,customer254@example.com,2023-03-03,Electronics,99.07,3.0
1818,CUSTOMER 255,customer255@example.com,2023-07-13,Electornics,153.81,2.0
1233,CUSTOMER 256,customer256@example.com,2023-12-01,Electornics,80.04,5.0
1683,CUSTOMER 257,customer257@example.com,2023-07-22,Electornics,67.36,3.0
1663,customer 258,customer258@example.com,2023-01-26,Books,31.11,2.0
1974,customer 259,,2023-06-22,Clothng,7.1,2.0
1826,customer 260,customer260@example.com,10/27/23,Electornics,141.57,1.0
1373,CUSTOMER 261,customer261@example.com,2023-05-13,Clothing,90.93,2.0
1671,customer 262,customer262@example.com,11/22/23,Clothing,138.6,3.0
1607,customer 263,customer263@example.com,2023-04-28,Electronics,176.57,4.0
1471,customer 264,customer264@example.com,11/20/23,Clothng,146.06,1.0
1232,customer 265,customer265@example.com,2023-10-02,Electornics,72.88,2.0
1691,CUSTOMER 266,customer266@example.com,2023-07-31,Clothing,107.24,5.0
1112,CUSTOMER 267,customer267@example.com,2023-08-13,Clothng,,1.0
1829,customer 268,customer268@example.com,2023-01-20,Electronics,64.59,3.0
1496,customer 269,customer269@example.com,2023-04-23,Books,117.14,5.0
1441,customer 270,customer270@example.com,05/20/23,Clothng,58.39,2.0
1563,CUSTOMER 271,customer271@example.com,2023-02-16,Clothng,-10.46,1.0
1267,customer 272,customer272@example.com,2023-01-01,Books,55.59,3.0
1509,CUSTOMER 273,customer273@example.com,03/31/23,Clothng,84.66,3.0
1806,CUSTOMER 274,customer274@example.com,2023-05-22,Electronics,176.07,4.0
1385,customer 275,customer275@example.com,2023-11-16,Electronics,75.45,5.0
1386,customer 276,customer276@example.com,2023-02-07,Books,125.6,1.0
1112,CUSTOMER 277,customer277@example.com,10/20/23,Electornics,,4.0
1612,CUSTOMER 278,customer278@example.com,2023-05-19,Clothing,161.32,4.0
1624,CUSTOMER 279,customer279@example.com,12/22/23,Electornics,157.85,1.0
1951,CUSTOMER 280,customer280@example.com,11/29/23,Clothng,158.81,4.0
1080,customer 281,customer281@example.com,2023-09-16,Clothing,13.3,2.0
1698,customer 282,,2023-06-10,Books,110.34,3.0
1112,CUSTOMER 283,customer283@example.com,2023-06-27,Books,137.95,1.0
1001,customer 284,customer284@example.com,01/10/23,Clothing,119.08,3.0
1641,customer 285,customer285@example.com,2023-09-18,Electronics,131.83,3.0
1219,customer 286,customer286@example.com,2023-05-18,Clothing,102.92,5.0
1565,CUSTOMER 287,customer287@example.com,2023-06-21,Clothng,62.76,1.0
1854,customer 288,customer288@example.com,2023-01-13,Electronics,15.15,3.0
1996,CUSTOMER 289,customer289@example.com,06/17/23,Books,67.72,3.0
1735,CUSTOMER 290,,2023-05-10,Clothing,233.91,4.0
1224,CUSTOMER 291,,2023-03-25,Electornics,75.72,4.0
1384,CUSTOMER 292,customer292@example.com,11/17/23,Electornics,2.03,4.0
1402,CUSTOMER 293,customer293@example.com,11/15/23,Clothng,136.63,5.0
1637,CUSTOMER 294,customer294@example.com,04/11/23,Electornics,142.77,5.0
1129,CUSTOMER 295,customer295@example.com,11/25/23,Clothing,164.37,3.0
1052,customer 296,customer296@example.com,2023-09-30,Clothing,123.55,4.0
1683,customer 297,customer297@example.com,2023-09-22,Electornics,142.28,5.0
1729,CUSTOMER 298,customer298@example.com,02/07/23,Clothing,192.01,
1671,customer 299,customer299@example.com,04/04/23,Clothng,62.73,5.0
1709,customer 300,customer300@example.com,2023-04-05,Electronics,52.81,3.0
1415,customer 301,customer301@example.com,2023-11-01,Clothng,45.27,2.0
1246,CUSTOMER 302,customer302@example.com,2023-03-10,Clothng,86.71,3.0
1835,customer 303,customer303@example.com,2023-11-14,Clothing,,4.0
1438,customer 304,customer304@example.com,2023-08-24,Electronics,126.4,3.0
1202,customer 305,,11/30/23,Clothing,124.43,3.0
1183,CUSTOMER 306,customer306@example.com,05/17/23,Books,9.03,5.0
1122,customer 307,customer307@example.com,2023-03-17,Clothing,65.34,3.0
1400,customer 308,customer308@example.com,2023-02-04,Clothing,8.22,5.0
1766,customer 309,customer309@example.com,2023-01-01,Clothing,158.56,3.0
1293,CUSTOMER 310,customer310@example.com,2023-10-23,Electronics,179.28,3.0
1279,CUSTOMER 311,customer311@example.com,2023-11-16,Clothing,138.98,3.0
1836,customer 312,customer312@example.com,03/01/23,Electronics,50.66,5.0
1883,customer 313,customer313@example.com,2023-11-16,Electornics,174.1,1.0
1609,CUSTOMER 314,customer314@example.com,12/15/23,Books,87.34,2.0
1197,customer 315,customer315@example.com,11/24/23,Electronics,39.28,
1981,CUSTOMER 316,customer316@example.com,2023-09-24,Electornics,51.78,2.0
1906,customer 317,customer317@example.com,2023-12-27,Electronics,78.49,4.0
1510,customer 318,customer318@example.com,2023-08-17,Electronics,102.48,4.0
1751,customer 319,customer319@example.com,2023-09-27,Books,91.93,3.0
1143,customer 320,customer320@example.com,11/12/23,Clothng,29.37,4.0
1608,CUSTOMER 321,customer321@example.com,10/13/23,Clothng,160.67,2.0
1200,customer 322,customer322@example.com,2023-10-18,Electronics,92.47,4.0
1123,CUSTOMER 323,customer323@example.com,2023-08-01,Clothing,64.31,3.0
1186,customer 324,customer324@example.com,2023-06-14,Electornics,155.52,4.0
1325,customer 325,customer325@example.com,2023-01-05,Clothing,40.83,1.0
1463,customer 326,customer326@example.com,2023-12-05,Clothing,18.56,4.0
1348,CUSTOMER 327,customer327@example.com,2023-03-19,Electronics,163.62,2.0
1770,customer 328,customer328@example.com,03/03/23,Electronics,194.57,2.0
1659,CUSTOMER 329,customer329@example.com,2023-05-12,Electronics,76.9,2.0
1763,CUSTOMER 330,customer330@example.com,2023-03-30,Electronics,97.7,2.0
1954,customer 331,customer331@example.com,08/25/23,Clothng,42.67,5.0
1931,CUSTOMER 332,customer332@example.com,2023-02-11,Electronics,100.27,2.0
1402,customer 333,customer333@example.com,2023-03-30,Clothng,76.21,5.0
1345,CUSTOMER 334,customer334@example.com,2023-10-23,Clothng,94.89,
1962,CUSTOMER 335,customer335@example.com,11/24/23,Electronics,120.46,4.0
1510,customer 336,customer336@example.com,2023-10-22,Books,45.09,1.0
1146,customer 337,customer337@example.com,04/14/23,Electornics,81.91,3.0
1147,CUSTOMER 338,customer338@example.com,2023-01-14,Clothing,9.81,5.0
1863,customer 339,customer339@example.com,10/15/23,Clothng,82.25,3.0
1710,customer 340,customer340@example.com,06/28/23,Electornics,95.33,1.0
1819,customer 341,customer341@example.com,2023-05-05,Books,111.45,4.0
1488,CUSTOMER 342,customer342@example.com,2023-12-19,Clothing,111.98,5.0
1928,customer 343,customer343@example.com,01/23/23,Clothing,145.2,5.0
1935,customer 344,customer344@example.com,03/04/23,Clothng,23.02,2.0
1639,customer 345,customer345@example.com,2023-05-23,Electronics,25.69,4.0
1550,CUSTOMER 346,customer346@example.com,2023-06-02,Books,126.45,2.0
1337,customer 347,customer347@example.com,2023-05-25,Clothng,-1.95,2.0
1871,customer 348,customer348@example.com,08/13/23,Books,109.17,5.0
1640,customer 349,customer349@example.com,2023-11-05,Electronics,40.99,2.0
1778,CUSTOMER 350,customer350@example.com,04/14/23,Electronics,178.64,2.0
1987,customer 351,customer351@example.com,04/14/23,Clothng,112.52,1.0
1952,customer 352,customer352@example.com,2023-02-08,Electronics,89.04,5.0
1472,CUSTOMER 353,customer353@example.com,2023-07-17,Electornics,161.39,5.0
1945,CUSTOMER 354,,2023-05-14,Clothing,46.83,4.0
1150,customer 355,customer355@example.com,2023-03-08,Clothng,56.33,5.0
1414,CUSTOMER 356,customer356@example.com,2023-06-28,Books,36.93,2.0
1989,customer 357,customer357@example.com,2023-02-11,Electornics,56.75,3.0
1297,customer 358,customer358@example.com,2023-01-15,Clothng,103.06,3.0
1610,customer 359,customer359@example.com,04/21/23,Electronics,124.7,1.0
1262,CUSTOMER 360,customer360@example.com,06/06/23,Electronics,148.07,3.0
1763,CUSTOMER 361,customer361@example.com,2023-10-16,Electronics,8.76,5.0
1143,customer 362,customer362@example.com,2023-08-19,Electronics,91.41,1.0
1345,CUSTOMER 363,customer363@example.com,06/06/23,Books,44.59,2.0
1623,customer 364,customer364@example.com,2023-02-07,Electornics,89.74,2.0
1571,CUSTOMER 365,customer365@example.com,04/07/23,Clothing,216.71,2.0
1880,CUSTOMER 366,customer366@example.com,2023-10-16,Books,114.59,5.0
1001,CUSTOMER 367,customer367@example.com,09/11/23,Books,144.97,3.0
1896,customer 368,customer368@example.com,2023-07-15,Clothing,198.03,3.0
1303,customer 369,customer369@example.com,2023-03-27,Clothing,156.37,5.0
1253,CUSTOMER 370,customer370@example.com,11/18/23,Electronics,77.6,2.0
1651,CUSTOMER 371,customer371@example.com,2023-01-10,Books,36.21,3.0
1452,CUSTOMER 372,customer372@example.com,2023-01-05,Clothng,98.49,3.0
1036,customer 373,customer373@example.com,2023-05-03,Clothing,71.61,4.0
1159,CUSTOMER 374,customer374@example.com,2023-11-26,Clothing,23.77,
1008,customer 375,customer375@example.com,2023-12-19,Electornics,112.05,5.0
1232,customer 376,,04/28/23,Clothng,113.29,3.0
1098,customer 377,customer377@example.com,2023-10-21,Clothng,188.46,5.0
1658,CUSTOMER 378,customer378@example.com,06/08/23,Clothing,81.91,2.0
1815,customer 379,customer379@example.com,10/30/23,Electronics,114.01,1.0
1207,CUSTOMER 380,,08/16/23,Electornics,66.73,2.0
1130,CUSTOMER 381,customer381@example.com,2023-12-31,Clothng,143.66,3.0
1403,customer 382,customer382@example.com,2023-08-04,Clothing,93.77,4.0
1151,customer 383,customer383@example.com,07/03/23,Clothng,41.37,4.0
1053,CUSTOMER 384,customer384@example.com,01/15/23,Electornics,99.33,5.0
1119,CUSTOMER 385,customer385@example.com,2023-06-06,Electornics,119.53,4.0
1672,customer 386,customer386@example.com,05/16/23,Books,112.76,4.0
1919,CUSTOMER 387,customer387@example.com,09/18/23,Clothing,152.29,1.0
1627,customer 388,customer388@example.com,06/06/23,Electornics,27.6,1.0
1586,customer 389,customer389@example.com,2023-02-16,Books,-50.0,4.0
1624,CUSTOMER 390,customer390@example.com,2023-11-20,Books,131.99,3.0
1967,CUSTOMER 391,customer391@example.com,2023-11-28,Clothng,63.74,5.0
1419,CUSTOMER 392,customer392@example.com,2023-06-22,Clothng,112.02,2.0
1421,customer 393,customer393@example.com,2023-05-10,Books,-20.99,1.0
1103,customer 394,customer394@example.com,2023-04-05,Clothng,235.8,3.0
1851,CUSTOMER 395,customer395@example.com,2023-04-25,Electornics,86.51,2.0
1253,customer 396,customer396@example.com,2023-08-31,Electronics,159.7,1.0
1226,customer 397,customer397@example.com,10/19/23,Electornics,83.16,4.0
1111,CUSTOMER 398,customer398@example.com,10/09/23,Books,120.73,1.0
1509,customer 399,customer399@example.com,2023-10-26,Books,174.6,4.0
1472,CUSTOMER 400,customer400@example.com,2023-10-10,Electornics,158.29,2.0
1098,CUSTOMER 401,customer401@example.com,2023-03-10,Clothng,89.78,2.0
1152,CUSTOMER 402,customer402@example.com,2023-05-28,Clothng,93.24,3.0
1860,CUSTOMER 403,customer403@example.com,2023-01-11,Books,150.18,5.0
1913,CUSTOMER 404,customer404@example.com,09/11/23,Clothing,216.66,3.0
1895,CUSTOMER 405,customer405@example.com,2023-11-26,Clothng,109.61,5.0
1877,customer 406,customer406@example.com,2023-12-26,Electornics,197.85,1.0
1337,customer 407,customer407@example.com,2023-02-07,Clothng,87.93,5.0
1705,customer 408,customer408@example.com,2023-05-14,Electornics,147.6,2.0
1821,CUSTOMER 409,customer409@example.com,2023-07-19,Books,155.06,4.0
1162,CUSTOMER 410,customer410@example.com,01/23/23,Clothng,79.5,4.0
1719,CUSTOMER 411,customer411@example.com,2023-10-30,Electornics,62.65,5.0
1956,customer 412,,12/12/23,Books,157.27,3.0
1680,customer 413,customer413@example.com,2023-10-29,Clothing,73.42,1.0
1995,CUSTOMER 414,customer414@example.com,2023-12-29,Electornics,55.28,1.0
1160,CUSTOMER 415,customer415@example.com,2023-08-06,Clothing,65.8,5.0
1579,customer 416,customer416@example.com,2023-05-21,Clothing,73.22,4.0
1800,CUSTOMER 417,customer417@example.com,2023-04-14,Electronics,142.83,5.0
1397,CUSTOMER 418,customer418@example.com,2023-07-29,Clothng,125.75,2.0
1276,customer 419,customer419@example.com,2023-04-21,Electornics,135.78,3.0
1815,customer 420,,2023-04-14,Clothing,121.07,1.0
1915,CUSTOMER 421,customer421@example.com,2023-11-12,Electronics,70.31,
1503,CUSTOMER 422,customer422@example.com,2023-06-20,Books,134.86,4.0
1895,customer 423,customer423@example.com,12/22/23,Electornics,159.12,5.0
1391,CUSTOMER 424,customer424@example.com,2023-11-20,Clothing,129.23,2.0
1134,CUSTOMER 425,customer425@example.com,2023-05-13,Clothng,122.48,4.0
1194,CUSTOMER 426,,10/20/23,Electronics,61.65,4.0
1400,CUSTOMER 427,customer427@example.com,11/24/23,Clothing,110.59,3.0
1639,CUSTOMER 428,customer428@example.com,05/07/23,Clothng,58.99,5.0
1032,customer 429,customer429@example.com,2023-04-16,Clothing,98.8,5.0
1687,CUSTOMER 430,customer430@example.com,2023-04-02,Electornics,17.99,5.0
1459,CUSTOMER 431,customer431@example.com,2023-10-14,Electornics,18.37,4.0
1954,customer 432,customer432@example.com,02/20/23,Electornics,90.45,2.0
1882,customer 433,customer433@example.com,2023-01-29,Electronics,72.58,2.0
1469,customer 434,customer434@example.com,10/23/23,Electornics,105.34,
1374,customer 435,customer435@example.com,2023-10-24,Clothng,93.26,1.0
1021,CUSTOMER 436,customer436@example.com,2023-08-02,Clothing,101.51,4.0
1749,customer 437,customer437@example.com,09/24/23,Books,130.43,4.0
1669,CUSTOMER 438,customer438@example.com,2023-09-14,Clothng,76.84,4.0
1037,customer 439,customer439@example.com,10/29/23,Clothng,89.03,
1229,CUSTOMER 440,customer440@example.com,2023-04-11,Electornics,172.75,3.0
1364,customer 441,customer441@example.com,2023-12-12,Electronics,100.15,3.0
1562,customer 442,customer442@example.com,2023-04-20,Clothing,91.04,1.0
1437,CUSTOMER 443,customer443@example.com,07/01/23,Electronics,104.13,3.0
1775,customer 444,customer444@example.com,11/09/23,Clothing,91.93,2.0
1282,customer 445,customer445@example.com,2023-01-01,Clothing,64.52,3.0
1026,customer 446,customer446@example.com,11/15/23,Electronics,50.1,5.0
1225,CUSTOMER 447,customer447@example.com,2023-02-24,Clothng,61.83,5.0
1276,customer 448,customer448@example.com,2023-05-29,Clothing,143.65,2.0
1797,CUSTOMER 449,customer449@example.com,11/05/23,Electronics,68.5,3.0
1608,CUSTOMER 450,customer450@example.com,05/17/23,Clothing,92.25,5.0
1283,CUSTOMER 451,customer451@example.com,2023-07-21,Books,135.04,1.0
1878,CUSTOMER 452,customer452@example.com,2023-11-09,Clothng,86.08,1.0
1959,customer 453,customer453@example.com,2023-04-27,Electornics,131.67,2.0
1480,CUSTOMER 454,customer454@example.com,2023-06-03,Clothing,22.96,4.0
1452,customer 455,customer455@example.com,2023-10-18,Books,93.37,2.0
1828,CUSTOMER 456,,03/04/23,Electornics,103.94,
1815,CUSTOMER 457,customer457@example.com,2023-09-01,Electornics,101.16,3.0
1658,CUSTOMER 458,customer458@example.com,2023-01-25,Clothing,17.35,4.0
1515,CUSTOMER 459,customer459@example.com,03/31/23,Electronics,160.16,2.0
1546,CUSTOMER 460,customer460@example.com,03/16/23,Clothing,57.27,3.0
1191,CUSTOMER 461,customer461@example.com,10/21/23,Books,116.75,4.0
1048,customer 462,customer462@example.com,07/29/23,Electornics,100.4,5.0
1511,CUSTOMER 463,customer463@example.com,2023-12-13,Clothing,150.19,5.0
1016,CUSTOMER 464,customer464@example.com,2023-01-17,Electronics,209.37,4.0
1171,CUSTOMER 465,customer465@example.com,05/08/23,Clothing,35.48,5.0
1219,customer 466,customer466@example.com,2023-12-30,Clothng,67.55,5.0
1157,customer 467,customer467@example.com,2023-09-08,Electronics,109.45,5.0
1476,CUSTOMER 468,customer468@example.com,2023-06-28,Books,44.73,1.0
1045,CUSTOMER 469,customer469@example.com,2023-07-01,Electornics,139.11,1.0
1372,CUSTOMER 470,customer470@example.com,06/01/23,Clothing,142.17,2.0
1517,customer 471,customer471@example.com,2023-01-25,Electronics,127.97,4.0
1098,CUSTOMER 472,customer472@example.com,2023-06-29,Clothng,111.83,3.0
1891,CUSTOMER 473,customer473@example.com,07/17/23,Electronics,168.49,3.0
1744,CUSTOMER 474,customer474@example.com,12/10/23,Clothng,42.22,5.0
1036,CUSTOMER 475,customer475@example.com,06/10/23,Books,103.26,5.0
1279,CUSTOMER 476,customer476@example.com,06/26/23,Electornics,63.06,5.0
1348,customer 477,,2023-10-12,Books,144.5,3.0
1496,CUSTOMER 478,customer478@example.com,2023-03-04,Clothing,8.33,4.0
1301,customer 479,customer479@example.com,2023-05-30,Electronics,98.6,2.0
1180,CUSTOMER 480,customer480@example.com,2023-06-03,Clothng,116.76,2.0
1606,CUSTOMER 481,customer481@example.com,2023-06-05,Clothng,52.63,2.0
1098,customer 482,customer482@example.com,2023-02-18,Electronics,68.69,3.0
1699,CUSTOMER 483,customer483@example.com,2023-12-03,Electronics,100.77,3.0
1992,customer 484,customer484@example.com,03/25/23,Clothing,147.75,5.0
1115,customer 485,customer485@example.com,2023-12-27,Books,48.36,1.0
1190,CUSTOMER 486,customer486@example.com,2023-06-26,Clothng,57.08,4.0
1252,customer 487,customer487@example.com,05/28/23,Clothing,156.28,4.0
1980,CUSTOMER 488,customer488@example.com,2023-04-28,Books,,2.0
1927,customer 489,customer489@example.com,2023-12-08,Clothing,61.12,3.0
1982,CUSTOMER 490,customer490@example.com,2023-03-04,Clothng,136.43,2.0
1160,customer 491,customer491@example.com,2023-07-08,Electronics,75.59,4.0
1255,CUSTOMER 492,customer492@example.com,2023-12-26,Electronics,151.37,3.0
1322,customer 493,customer493@example.com,2023-02-18,Books,66.81,2.0
1127,customer 494,customer494@example.com,2023-11-23,Electornics,92.02,1.0
1017,customer 495,customer495@example.com,2023-09-14,Books,147.25,4.0
1792,customer 496,customer496@example.com,2023-08-12,Electornics,88.69,5.0
1734,customer 497,customer497@example.com,2023-05-21,Clothing,137.8,3.0
1565,customer 498,customer498@example.com,2023-08-03,Clothing,96.72,4.0
1569,CUSTOMER 499,customer499@example.com,2023-07-30,Clothng,199.08,4.0
1322,CUSTOMER 500,customer500@example.com,2023-11-14,Electornics,178.44,5.0
1871,CUSTOMER 501,,02/01/23,Clothng,33.6,5.0
1685,CUSTOMER 502,customer502@example.com,06/07/23,Electronics,126.11,4.0
1791,CUSTOMER 503,customer503@example.com,10/12/23,Electornics,59.18,4.0
1625,customer 504,customer504@example.com,2023-11-01,Books,109.58,5.0
1287,CUSTOMER 505,customer505@example.com,10/13/23,Electronics,103.42,3.0
1942,customer 506,customer506@example.com,05/24/23,Electronics,47.23,3.0
1853,CUSTOMER 507,,2023-01-19,Books,152.92,1.0
1662,CUSTOMER 508,customer508@example.com,2023-01-18,Electronics,110.17,5.0
1961,customer 509,customer509@example.com,2023-09-14,Electornics,85.77,5.0
1638,customer 510,customer510@example.com,03/19/23,Clothng,78.09,1.0
1154,customer 511,customer511@example.com,2023-06-24,Electronics,106.99,4.0
1489,customer 512,,2023-07-13,Electornics,120.4,3.0
1385,CUSTOMER 513,customer513@example.com,2023-04-23,Clothing,93.75,1.0
1985,customer 514,customer514@example.com,2023-04-24,Electornics,-41.63,
1784,CUSTOMER 515,,2023-08-10,Clothng,100.84,2.0
1103,CUSTOMER 516,customer516@example.com,06/15/23,Electornics,27.93,1.0
1928,CUSTOMER 517,customer517@example.com,11/15/23,Books,89.53,4.0
1392,CUSTOMER 518,customer518@example.com,05/12/23,Clothng,29.77,4.0
1810,CUSTOMER 519,,2023-09-21,Clothing,29.18,1.0
1245,customer 520,customer520@example.com,2023-02-24,Books,161.76,4.0
1175,customer 521,customer521@example.com,2023-12-25,Electornics,84.0,4.0
1038,CUSTOMER 522,customer522@example.com,05/11/23,Clothng,80.17,1.0
1476,CUSTOMER 523,customer523@example.com,2023-10-15,Clothing,124.13,2.0
1681,CUSTOMER 524,customer524@example.com,2023-09-23,Books,81.47,4.0
1758,CUSTOMER 525,customer525@example.com,2023-06-11,Clothing,205.19,2.0
1537,customer 526,customer526@example.com,2023-03-28,Electornics,86.35,5.0
1866,CUSTOMER 527,,02/24/23,Clothing,118.26,5.0
1817,customer 528,customer528@example.com,2023-10-15,Electronics,,
1920,CUSTOMER 529,customer529@example.com,2023-06-27,Books,,2.0
1407,customer 530,customer530@example.com,12/15/23,Clothing,62.9,
1524,CUSTOMER 531,customer531@example.com,01/08/23,Electornics,79.1,3.0
1827,customer 532,customer532@example.com,2023-11-17,Electornics,163.73,3.0
1505,CUSTOMER 533,customer533@example.com,2023-11-09,Clothing,140.5,1.0
1902,customer 534,customer534@example.com,2023-09-04,Electornics,153.76,1.0
1824,CUSTOMER 535,customer535@example.com,11/19/23,Clothng,31.56,4.0
1035,CUSTOMER 536,customer536@example.com,2023-09-12,Clothng,177.4,3.0
1684,customer 537,customer537@example.com,2023-11-24,Clothng,61.93,2.0
1019,customer 538,customer538@example.com,2023-02-23,Electronics,109.61,4.0
1320,customer 539,customer539@example.com,2023-09-06,Clothing,92.59,2.0
1775,customer 540,customer540@example.com,08/27/23,Electronics,56.08,4.0
1511,customer 541,customer541@example.com,2023-08-17,Electornics,,3.0
1399,CUSTOMER 542,customer542@example.com,2023-03-08,Electronics,12.81,5.0
1653,CUSTOMER 543,,2023-02-20,Electornics,105.95,5.0
1971,CUSTOMER 544,customer544@example.com,2023-04-07,Electornics,23.73,3.0
1882,customer 545,customer545@example.com,2023-04-02,Books,43.31,3.0
1470,CUSTOMER 546,customer546@example.com,2023-09-21,Clothng,89.1,3.0
1142,CUSTOMER 547,customer547@example.com,2023-10-18,Electornics,-31.94,5.0
1091,customer 548,customer548@example.com,2023-04-06,Books,138.95,3.0
1353,customer 549,customer549@example.com,2023-03-29,Clothng,-20.49,2.0
1833,CUSTOMER 550,customer550@example.com,2023-03-19,Electornics,,1.0
1799,CUSTOMER 551,customer551@example.com,2023-10-15,Electornics,100.75,3.0
1726,CUSTOMER 552,customer552@example.com,2023-04-30,Electronics,126.9,3.0
1958,CUSTOMER 553,customer553@example.com,10/29/23,Electronics,97.92,5.0
1853,CUSTOMER 554,customer554@example.com,2023-06-14,Clothng,200.9,2.0
1050,customer 555,customer555@example.com,07/01/23,Electornics,110.82,3.0
1664,customer 556,customer556@example.com,2023-08-11,Clothing,152.68,5.0
1697,customer 557,customer557@example.com,2023-11-07,Electronics,63.83,5.0
1574,CUSTOMER 558,,2023-01-07,Clothng,106.04,3.0
1189,customer 559,customer559@example.com,2023-11-26,Electornics,177.38,3.0
1124,CUSTOMER 560,customer560@example.com,2023-09-20,Electornics,88.12,3.0
1149,CUSTOMER 561,customer561@example.com,2023-06-10,Clothing,109.61,5.0
1313,customer 562,customer562@example.com,05/31/23,Clothng,149.04,1.0
1569,CUSTOMER 563,customer563@example.com,2023-03-26,Electornics,62.89,5.0
1341,CUSTOMER 564,customer564@example.com,05/27/23,Electronics,-8.08,4.0
1304,customer 565,customer565@example.com,2023-04-22,Clothing,112.78,4.0
1691,CUSTOMER 566,customer566@example.com,2023-02-05,Clothng,149.43,1.0
1681,customer 567,customer567@example.com,2023-10-12,Clothing,32.43,3.0
1837,CUSTOMER 568,customer568@example.com,07/07/23,Electronics,133.51,3.0
1782,customer 569,customer569@example.com,03/23/23,Clothng,133.85,2.0
1053,CUSTOMER 570,customer570@example.com,2023-01-02,Clothing,-13.67,4.0
1443,CUSTOMER 571,customer571@example.com,2023-10-30,Books,53.19,
1612,customer 572,customer572@example.com,2023-07-16,Electronics,80.21,4.0
1992,CUSTOMER 573,customer573@example.com,2023-01-11,Electronics,91.02,4.0
1263,CUSTOMER 574,customer574@example.com,2023-08-22,Electronics,62.84,1.0
1052,CUSTOMER 575,customer575@example.com,07/14/23,Books,60.15,3.0
1571,CUSTOMER 576,customer576@example.com,2023-04-29,Books,183.57,1.0
1619,CUSTOMER 577,customer577@example.com,2023-01-20,Electornics,94.62,4.0
1004,CUSTOMER 578,customer578@example.com,09/18/23,Clothing,65.25,5.0
1102,customer 579,customer579@example.com,2023-10-20,Electornics,97.94,4.0
1195,CUSTOMER 580,customer580@example.com,09/13/23,Clothing,126.85,1.0
1773,CUSTOMER 581,customer581@example.com,2023-08-10,Books,-50.0,3.0
1876,CUSTOMER 582,customer582@example.com,08/14/23,Books,89.71,4.0
1991,CUSTOMER 583,customer583@example.com,2023-02-22,Electornics,67.5,3.0
1883,customer 584,customer584@example.com,12/21/23,Clothng,66.89,5.0
1349,CUSTOMER 585,customer585@example.com,2023-12-08,Electornics,70.11,5.0
1046,customer 586,customer586@example.com,2023-12-30,Clothing,116.94,4.0
1866,CUSTOMER 587,customer587@example.com,2023-10-07,Electornics,50.29,3.0
1822,customer 588,customer588@example.com,2023-03-22,Electronics,119.66,2.0
1935,customer 589,customer589@example.com,2023-07-21,Clothing,170.65,1.0
1819,customer 590,customer590@example.com,06/07/23,Clothing,116.29,3.0
1655,customer 591,customer591@example.com,2023-04-30,Clothng,81.52,3.0
1268,customer 592,customer592@example.com,02/28/23,Books,35.09,4.0
1369,CUSTOMER 593,customer593@example.com,2023-08-03,Clothing,178.91,4.0
1635,CUSTOMER 594,customer594@example.com,2023-05-08,Books,41.5,1.0
1105,customer 595,customer595@example.com,2023-08-12,Electornics,142.43,3.0
1669,CUSTOMER 596,customer596@example.com,2023-07-28,Electronics,131.93,2.0
1658,CUSTOMER 597,customer597@example.com,04/25/23,Clothng,2000.0,2.0
1656,customer 598,customer598@example.com,07/28/23,Books,86.85,5.0
1119,CUSTOMER 599,customer599@example.com,01/14/23,Clothing,8.21,1.0
1830,customer 600,customer600@example.com,2023-01-09,Books,116.5,3.0
1786,customer 601,customer601@example.com,02/09/23,Clothing,131.0,2.0
1603,customer 602,customer602@example.com,08/25/23,Books,45.55,5.0
1057,customer 603,customer603@example.com,2023-10-08,Clothing,92.21,4.0
1950,CUSTOMER 604,customer604@example.com,2023-12-25,Electornics,101.89,2.0
1345,CUSTOMER 605,customer605@example.com,2023-07-20,Clothing,129.23,4.0
1740,CUSTOMER 606,customer606@example.com,2023-09-03,Clothing,100.19,4.0
1473,CUSTOMER 607,customer607@example.com,10/05/23,Electronics,18.68,
1116,customer 608,customer608@example.com,2023-08-23,Clothing,73.5,2.0
1829,customer 609,customer609@example.com,2023-01-04,Electronics,111.23,5.0
1790,CUSTOMER 610,customer610@example.com,06/03/23,Clothng,142.08,5.0
1126,CUSTOMER 611,customer611@example.com,01/29/23,Electronics,69.12,5.0
1392,customer 612,customer612@example.com,2023-04-19,Electornics,209.38,4.0
1907,CUSTOMER 613,customer613@example.com,2023-04-08,Electronics,5.28,4.0
1640,CUSTOMER 614,customer614@example.com,08/03/23,Clothng,71.81,3.0
1057,CUSTOMER 615,customer615@example.com,2023-10-20,Electornics,95.85,5.0
1633,customer 616,customer616@example.com,2023-03-16,Books,89.96,4.0
1512,customer 617,customer617@example.com,2023-11-22,Books,38.39,4.0
1750,customer 618,customer618@example.com,2023-05-26,Electronics,122.39,3.0
1801,customer 619,customer619@example.com,2023-05-08,Electronics,118.55,4.0
1095,CUSTOMER 620,customer620@example.com,2023-12-07,Clothng,102.4,5.0
1637,CUSTOMER 621,customer621@example.com,2023-02-11,Clothng,116.59,1.0
1117,customer 622,customer622@example.com,2023-12-22,Clothing,78.81,5.0
1559,CUSTOMER 623,customer623@example.com,2023-02-10,Clothng,19.13,4.0
1600,customer 624,customer624@example.com,2023-02-03,Clothing,64.17,5.0
1487,customer 625,customer625@example.com,2023-01-17,Electornics,107.85,3.0
1236,customer 626,customer626@example.com,2023-06-14,Electronics,108.14,3.0
1884,customer 627,customer627@example.com,06/02/23,Electornics,102.07,5.0
1896,customer 628,customer628@example.com,2023-03-17,Clothng,127.44,2.0
1271,customer 629,customer629@example.com,2023-03-28,Electornics,70.94,5.0
1188,CUSTOMER 630,customer630@example.com,2023-04-27,Electornics,101.33,3.0
1998,CUSTOMER 631,customer631@example.com,12/28/23,Electornics,128.6,4.0
1703,CUSTOMER 632,customer632@example.com,2023-12-08,Clothng,95.76,3.0
1446,customer 633,customer633@example.com,2023-01-27,Electornics,37.83,4.0
1580,CUSTOMER 634,,11/09/23,Clothing,51.93,3.0
1789,customer 635,customer635@example.com,2023-10-14,Clothng,141.54,1.0
1860,CUSTOMER 636,customer636@example.com,05/14/23,Electornics,169.62,2.0
1246,customer 637,customer637@example.com,08/07/23,Clothng,158.76,1.0
1962,CUSTOMER 638,customer638@example.com,2023-06-17,Books,111.61,
1075,customer 639,customer639@example.com,2023-04-08,Clothing,39.84,
1153,customer 640,customer640@example.com,2023-09-25,Electornics,99.68,3.0
1655,CUSTOMER 641,customer641@example.com,08/25/23,Books,178.11,4.0
1434,CUSTOMER 642,customer642@example.com,2023-11-05,Books,130.92,3.0
1996,customer 643,,06/22/23,Clothng,,4.0
1085,CUSTOMER 644,customer644@example.com,07/09/23,Books,131.43,5.0
1696,CUSTOMER 645,customer645@example.com,05/02/23,Clothing,36.53,5.0
1284,customer 646,customer646@example.com,2023-02-15,Clothing,65.22,3.0
1973,customer 647,customer647@example.com,2023-03-05,Electronics,45.79,5.0
1219,customer 648,customer648@example.com,2023-05-10,Clothing,123.48,2.0
1068,CUSTOMER 649,customer649@example.com,2023-11-06,Books,135.71,
1046,CUSTOMER 650,customer650@example.com,12/29/23,Clothing,92.31,1.0
1093,customer 651,customer651@example.com,2023-07-12,Clothng,56.35,4.0
1749,customer 652,customer652@example.com,2023-11-03,Electronics,99.01,4.0
1957,customer 653,customer653@example.com,2023-06-30,Books,75.67,4.0
1452,CUSTOMER 654,customer654@example.com,10/19/23,Electronics,60.19,1.0
1203,CUSTOMER 655,customer655@example.com,2023-10-09,Books,116.95,5.0
1911,CUSTOMER 656,customer656@example.com,2023-01-29,Clothng,62.1,2.0
1217,CUSTOMER 657,,2023-05-29,Electronics,21.68,4.0
1473,CUSTOMER 658,customer658@example.com,2023-09-24,Electornics,32.79,2.0
1431,CUSTOMER 659,customer659@example.com,10/23/23,Books,19.84,3.0
1340,customer 660,customer660@example.com,2023-01-11,Electornics,112.38,4.0
1550,CUSTOMER 661,customer661@example.com,06/13/23,Electronics,107.52,3.0
1611,customer 662,customer662@example.com,2023-04-23,Electornics,105.03,2.0
1288,customer 663,customer663@example.com,2023-07-06,Electornics,-50.0,2.0
1253,customer 664,customer664@example.com,10/22/23,Electronics,159.6,3.0
1733,CUSTOMER 665,customer665@example.com,2023-08-20,Clothng,70.39,5.0
1356,customer 666,customer666@example.com,2023-08-15,Electornics,120.32,5.0
1022,customer 667,customer667@example.com,11/06/23,Electornics,21.02,1.0
1761,customer 668,customer668@example.com,2023-04-08,Clothng,168.94,3.0
1521,customer 669,customer669@example.com,02/24/23,Electornics,,1.0
1757,customer 670,customer670@example.com,2023-04-21,Electornics,64.5,1.0
1836,customer 671,customer671@example.com,2023-06-01,Electornics,70.11,4.0
1099,CUSTOMER 672,,2023-09-03,Clothing,23.69,4.0
1801,customer 673,customer673@example.com,2023-03-10,Clothng,101.63,2.0
1179,CUSTOMER 674,customer674@example.com,2023-11-08,Electornics,110.7,2.0
1222,customer 675,customer675@example.com,2023-10-16,Clothng,90.53,1.0
1905,CUSTOMER 676,customer676@example.com,09/07/23,Books,22.99,5.0
1761,CUSTOMER 677,customer677@example.com,2023-02-05,Books,199.17,
1658,customer 678,customer678@example.com,2023-08-27,Electornics,127.46,1.0
1441,customer 679,customer679@example.com,05/28/23,Clothng,231.71,2.0
1607,CUSTOMER 680,customer680@example.com,2023-08-15,Clothng,59.74,5.0
1768,CUSTOMER 681,customer681@example.com,2023-09-01,Clothng,147.89,5.0
1324,customer 682,customer682@example.com,2023-12-03,Clothing,138.96,3.0
1515,CUSTOMER 683,customer683@example.com,12/31/23,Books,85.47,1.0
1015,customer 684,customer684@example.com,07/20/23,Clothng,170.55,1.0
1791,CUSTOMER 685,customer685@example.com,06/03/23,Clothng,79.73,4.0
1335,customer 686,customer686@example.com,2023-03-14,Clothing,81.96,3.0
1758,customer 687,customer687@example.com,07/20/23,Clothing,-73.57,1.0
1257,CUSTOMER 688,customer688@example.com,2023-10-23,Clothng,120.45,4.0
1496,CUSTOMER 689,customer689@example.com,01/17/23,Electronics,33.72,1.0
1987,CUSTOMER 690,customer690@example.com,2023-05-09,Clothng,72.46,5.0
1895,customer 691,customer691@example.com,2023-08-05,Clothng,48.69,3.0
1159,customer 692,customer692@example.com,2023-03-02,Clothing,81.69,1.0
1474,customer 693,customer693@example.com,04/14/23,Clothing,122.19,4.0
1851,CUSTOMER 694,customer694@example.com,2023-02-11,Clothng,100.56,3.0
1663,CUSTOMER 695,customer695@example.com,01/25/23,Clothng,135.48,
1907,CUSTOMER 696,customer696@example.com,2023-02-08,Clothng,163.28,4.0
1689,CUSTOMER 697,customer697@example.com,2023-10-18,Clothing,81.56,2.0
1674,customer 698,customer698@example.com,05/11/23,Clothng,76.07,4.0
1379,customer 699,customer699@example.com,2023-08-17,Clothng,147.89,2.0
1544,customer 700,customer700@example.com,2023-04-18,Electornics,151.85,5.0
1928,CUSTOMER 701,customer701@example.com,06/21/23,Electronics,137.03,3.0
1956,customer 702,customer702@example.com,2023-04-12,Books,52.39,4.0
1690,customer 703,customer703@example.com,12/20/23,Electronics,121.13,1.0
1426,customer 704,customer704@example.com,2023-01-12,Electornics,105.47,3.0
1612,customer 705,customer705@example.com,2023-10-02,Books,152.63,5.0
1267,CUSTOMER 706,customer706@example.com,04/11/23,Clothng,71.36,5.0
1834,CUSTOMER 707,customer707@example.com,2023-02-13,Electornics,16.67,2.0
1576,customer 708,customer708@example.com,2023-11-01,Clothng,134.51,2.0
1416,CUSTOMER 709,customer709@example.com,2023-01-17,Clothing,-27.92,5.0
1167,CUSTOMER 710,customer710@example.com,2023-11-26,Electornics,63.42,5.0
1841,customer 711,customer711@example.com,2023-02-26,Clothing,-50.0,1.0
1042,customer 712,customer712@example.com,2023-11-07,Electornics,48.5,3.0
1555,customer 713,customer713@example.com,2023-10-30,Electornics,62.55,3.0
1284,CUSTOMER 714,customer714@example.com,2023-01-12,Clothing,160.87,5.0
1396,CUSTOMER 715,customer715@example.com,2023-11-14,Books,141.03,1.0
1011,customer 716,customer716@example.com,2023-03-21,Electronics,87.41,2.0
1606,customer 717,customer717@example.com,2023-08-04,Clothng,156.68,5.0
1301,customer 718,customer718@example.com,2023-12-05,Electornics,46.89,1.0
1897,customer 719,customer719@example.com,2023-09-21,Clothng,40.09,3.0
1252,customer 720,customer720@example.com,2023-05-29,Clothing,143.18,3.0
1498,customer 721,customer721@example.com,2023-03-22,Clothng,128.98,3.0
1753,CUSTOMER 722,customer722@example.com,2023-08-03,Clothing,76.99,3.0
1034,customer 723,customer723@example.com,2023-07-17,Clothng,43.23,4.0
1726,customer 724,customer724@example.com,07/19/23,Electronics,172.99,2.0
1848,customer 725,customer725@example.com,2023-01-25,Electronics,13.99,4.0
1089,CUSTOMER 726,customer726@example.com,2023-03-30,Electronics,70.08,5.0
1775,customer 727,customer727@example.com,2023-09-25,Electronics,111.43,5.0
1604,CUSTOMER 728,customer728@example.com,05/23/23,Electronics,190.11,2.0
1921,customer 729,,02/28/23,Electronics,119.16,1.0
1969,CUSTOMER 730,customer730@example.com,2023-12-31,Clothing,124.02,2.0
1601,customer 731,customer731@example.com,2023-01-26,Electornics,71.53,3.0
1417,CUSTOMER 732,customer732@example.com,02/16/23,Clothng,128.42,3.0
1114,CUSTOMER 733,customer733@example.com,2023-10-15,Electronics,105.27,4.0
1616,CUSTOMER 734,customer734@example.com,2023-09-23,Clothing,20.58,1.0
1902,customer 735,customer735@example.com,01/16/23,Clothing,139.65,1.0
1195,CUSTOMER 736,customer736@example.com,2023-07-18,Clothing,148.52,3.0
1825,CUSTOMER 737,customer737@example.com,2023-10-09,Electornics,140.17,4.0
1500,customer 738,customer738@example.com,2023-03-27,Clothng,101.67,2.0
1625,CUSTOMER 739,customer739@example.com,2023-09-07,Electornics,52.19,4.0
1492,customer 740,customer740@example.com,2023-09-27,Books,-15.46,2.0
1074,customer 741,,2023-12-01,Clothing,107.85,5.0
1412,customer 742,customer742@example.com,2023-04-27,Books,154.1,5.0
1375,CUSTOMER 743,customer743@example.com,01/07/23,Electronics,149.78,2.0
1419,customer 744,customer744@example.com,05/17/23,Electronics,140.8,2.0
1728,CUSTOMER 745,customer745@example.com,2023-06-25,Electornics,96.29,3.0
1276,CUSTOMER 746,customer746@example.com,2023-11-24,Clothng,154.37,2.0
1760,CUSTOMER 747,,11/11/23,Books,146.21,4.0
1675,customer 748,customer748@example.com,2023-08-03,Clothng,-50.0,5.0
1393,CUSTOMER 749,customer749@example.com,03/23/23,Electornics,133.83,4.0
1868,customer 750,customer750@example.com,2023-08-11,Electronics,73.2,5.0
1456,customer 751,customer751@example.com,2023-04-13,Clothng,127.0,3.0
1919,CUSTOMER 752,customer752@example.com,2023-09-30,Clothng,35.04,2.0
1191,CUSTOMER 753,customer753@example.com,2023-01-14,Electronics,38.89,4.0
1738,customer 754,customer754@example.com,06/08/23,Books,152.91,3.0
1688,customer 755,,2023-06-01,Electronics,146.88,4.0
1098,customer 756,customer756@example.com,04/18/23,Clothng,131.68,2.0
1547,CUSTOMER 757,customer757@example.com,2023-07-07,Books,104.4,1.0
1977,CUSTOMER 758,customer758@example.com,10/28/23,Books,-19.56,
1998,CUSTOMER 759,customer759@example.com,2023-04-08,Electronics,96.26,2.0
1095,CUSTOMER 760,customer760@example.com,2023-05-11,Clothng,122.71,
1663,CUSTOMER 761,customer761@example.com,2023-10-20,Electornics,73.26,
1662,customer 762,,2023-06-20,Clothng,64.38,5.0
1189,CUSTOMER 763,customer763@example.com,2023-07-02,Clothing,172.22,4.0
1735,CUSTOMER 764,,12/30/23,Electornics,96.99,4.0
1036,customer 765,customer765@example.com,02/08/23,Books,122.74,5.0
1779,customer 766,customer766@example.com,2023-01-15,Electornics,138.71,2.0
1368,CUSTOMER 767,customer767@example.com,01/04/23,Books,49.93,3.0
1694,customer 768,customer768@example.com,12/15/23,Books,109.66,4.0
1524,CUSTOMER 769,customer769@example.com,2023-07-29,Electornics,165.98,3.0
1278,CUSTOMER 770,customer770@example.com,2023-06-10,Books,190.96,3.0
1216,CUSTOMER 771,customer771@example.com,2023-01-16,Books,102.0,3.0
1866,customer 772,customer772@example.com,2023-04-18,Clothing,88.1,4.0
1872,CUSTOMER 773,customer773@example.com,2023-11-07,Clothng,113.45,5.0
1797,CUSTOMER 774,customer774@example.com,08/15/23,Clothng,112.18,2.0
1272,CUSTOMER 775,customer775@example.com,2023-06-19,Clothing,169.34,5.0
1880,customer 776,customer776@example.com,2023-02-03,Electornics,50.18,4.0
1061,CUSTOMER 777,customer777@example.com,2023-09-08,Electronics,86.01,5.0
1595,CUSTOMER 778,customer778@example.com,09/04/23,Electronics,44.14,4.0
1879,CUSTOMER 779,customer779@example.com,2023-09-26,Electronics,49.4,5.0
1728,CUSTOMER 780,customer780@example.com,05/21/23,Clothing,118.83,1.0
1341,customer 781,customer781@example.com,10/01/23,Clothing,140.49,5.0
1396,customer 782,customer782@example.com,04/06/23,Books,67.53,1.0
1698,CUSTOMER 783,customer783@example.com,2023-08-15,Electronics,138.6,5.0
1018,CUSTOMER 784,customer784@example.com,2023-02-08,Electornics,155.58,
1176,CUSTOMER 785,customer785@example.com,2023-10-29,Electornics,196.74,2.0
1611,CUSTOMER 786,customer786@example.com,2023-01-29,Electronics,103.49,2.0
1395,CUSTOMER 787,customer787@example.com,2023-11-14,Electronics,68.01,5.0
1444,customer 788,customer788@example.com,09/02/23,Electronics,49.88,2.0
1232,customer 789,customer789@example.com,08/24/23,Clothing,44.91,5.0
1914,customer 790,customer790@example.com,2023-07-04,Clothing,162.49,1.0
1075,customer 791,customer791@example.com,2023-09-29,Clothing,24.25,1.0
1264,customer 792,customer792@example.com,2023-08-24,Clothng,160.89,
1454,customer 793,customer793@example.com,08/27/23,Electornics,56.58,4.0
1795,CUSTOMER 794,customer794@example.com,09/23/23,Electornics,65.74,5.0
1717,customer 795,customer795@example.com,12/25/23,Books,92.42,3.0
1734,CUSTOMER 796,customer796@example.com,2023-12-06,Clothing,64.82,4.0
1383,CUSTOMER 797,customer797@example.com,2023-03-06,Clothng,146.6,4.0
1563,customer 798,customer798@example.com,2023-06-26,Clothng,190.67,4.0
1850,CUSTOMER 799,customer799@example.com,2023-01-03,Electornics,67.13,4.0
1505,CUSTOMER 800,customer800@example.com,2023-05-22,Clothing,78.39,4.0
1366,customer 801,customer801@example.com,2023-06-07,Books,91.83,3.0
1143,CUSTOMER 802,customer802@example.com,11/20/23,Clothing,127.05,2.0
1884,CUSTOMER 803,customer803@example.com,2023-05-26,Electronics,,5.0
1068,customer 804,customer804@example.com,2023-10-20,Clothing,169.36,2.0
1098,customer 805,customer805@example.com,06/02/23,Electronics,157.33,4.0
1395,customer 806,customer806@example.com,2023-07-12,Electronics,40.73,2.0
1024,CUSTOMER 807,customer807@example.com,2023-03-14,Books,126.05,4.0
1947,CUSTOMER 808,customer808@example.com,2023-11-01,Electornics,176.02,4.0
1890,customer 809,customer809@example.com,2023-12-10,Clothing,75.26,2.0
1468,customer 810,,2023-05-20,Electronics,85.29,1.0
1483,customer 811,customer811@example.com,2023-07-06,Clothing,73.6,1.0
1564,CUSTOMER 812,customer812@example.com,10/20/23,Electornics,74.65,4.0
1150,CUSTOMER 813,customer813@example.com,03/02/23,Electornics,16.58,5.0
1143,customer 814,customer814@example.com,07/17/23,Clothng,33.58,1.0
1568,CUSTOMER 815,customer815@example.com,10/22/23,Electornics,103.87,4.0
1038,customer 816,customer816@example.com,2023-11-15,Books,175.68,3.0
1108,CUSTOMER 817,customer817@example.com,2023-10-29,Electronics,69.33,3.0
1692,customer 818,customer818@example.com,12/10/23,Clothng,67.86,5.0
1041,customer 819,,2023-01-11,Books,185.08,3.0
1185,customer 820,customer820@example.com,03/03/23,Clothing,44.59,3.0
1934,CUSTOMER 821,customer821@example.com,2023-11-29,Electronics,16.94,1.0
1397,customer 822,customer822@example.com,08/14/23,Electornics,58.57,1.0
1222,customer 823,customer823@example.com,2023-06-02,Electronics,66.86,2.0
1633,CUSTOMER 824,customer824@example.com,07/18/23,Clothing,12.63,1.0
1132,customer 825,customer825@example.com,2023-02-21,Clothng,93.6,4.0
1162,customer 826,customer826@example.com,2023-09-17,Clothng,147.42,3.0
1214,customer 827,customer827@example.com,2023-02-28,Clothng,35.7,4.0
1732,customer 828,customer828@example.com,03/13/23,Electornics,104.38,2.0
1234,CUSTOMER 829,customer829@example.com,05/28/23,Books,119.8,2.0
1842,CUSTOMER 830,customer830@example.com,12/15/23,Books,95.83,4.0
1657,CUSTOMER 831,customer831@example.com,2023-03-04,Electronics,109.28,
1750,customer 832,customer832@example.com,11/06/23,Electornics,109.87,1.0
1587,customer 833,customer833@example.com,2023-08-31,Clothng,59.36,5.0
1008,customer 834,customer834@example.com,2023-11-26,Clothng,174.93,4.0
1073,CUSTOMER 835,customer835@example.com,2023-04-17,Clothing,162.39,4.0
1953,CUSTOMER 836,customer836@example.com,2023-08-14,Clothing,159.5,4.0
1491,customer 837,customer837@example.com,11/09/23,Clothng,150.68,1.0
1912,CUSTOMER 838,customer838@example.com,08/06/23,Clothng,21.25,1.0
1252,CUSTOMER 839,customer839@example.com,2023-08-29,Electornics,146.3,4.0
1229,customer 840,customer840@example.com,2023-09-16,Books,132.78,3.0
1518,CUSTOMER 841,customer841@example.com,09/19/23,Clothing,23.17,5.0
1173,CUSTOMER 842,customer842@example.com,01/05/23,Books,89.25,3.0
1652,CUSTOMER 843,customer843@example.com,2023-09-18,Electornics,113.84,1.0
1167,CUSTOMER 844,customer844@example.com,02/23/23,Clothng,183.22,4.0
1169,customer 845,,2023-02-16,Books,136.24,2.0
1392,CUSTOMER 846,customer846@example.com,2023-08-03,Clothng,56.77,4.0
1945,CUSTOMER 847,customer847@example.com,06/26/23,Clothng,184.77,4.0
1794,CUSTOMER 848,customer848@example.com,01/09/23,Electronics,102.19,5.0
1633,customer 849,customer849@example.com,04/09/23,Books,87.21,5.0
1193,CUSTOMER 850,customer850@example.com,2023-01-20,Books,83.64,4.0
1516,customer 851,customer851@example.com,2023-08-29,Clothng,18.82,4.0
1028,CUSTOMER 852,customer852@example.com,2023-03-02,Electornics,94.51,5.0
1164,CUSTOMER 853,customer853@example.com,2023-06-27,Electronics,124.87,2.0
1421,CUSTOMER 854,customer854@example.com,2023-12-04,Clothng,80.73,1.0
1338,customer 855,customer855@example.com,03/03/23,Clothing,121.02,2.0
1647,customer 856,customer856@example.com,05/25/23,Clothing,56.78,2.0
1495,CUSTOMER 857,customer857@example.com,2023-08-04,Electronics,92.95,4.0
1364,customer 858,customer858@example.com,01/03/23,Electornics,115.83,4.0
1832,customer 859,customer859@example.com,06/09/23,Clothng,109.48,4.0
1341,CUSTOMER 860,customer860@example.com,2023-08-15,Books,19.73,1.0
1499,customer 861,customer861@example.com,2023-09-26,Electronics,78.05,4.0
1656,CUSTOMER 862,customer862@example.com,2023-04-30,Electornics,183.87,3.0
1510,customer 863,customer863@example.com,2023-03-30,Books,75.38,4.0
1326,customer 864,customer864@example.com,11/25/23,Clothing,100.79,4.0
1216,customer 865,customer865@example.com,2023-03-09,Clothing,95.66,3.0
1300,customer 866,customer866@example.com,12/23/23,Books,178.41,1.0
1131,CUSTOMER 867,customer867@example.com,2023-04-08,Electronics,164.52,1.0
1803,customer 868,customer868@example.com,2023-09-24,Clothing,140.38,5.0
1069,CUSTOMER 869,customer869@example.com,04/15/23,Clothng,51.34,5.0
1251,CUSTOMER 870,customer870@example.com,2023-11-19,Books,117.96,4.0
1414,customer 871,customer871@example.com,05/03/23,Books,128.4,1.0
1786,customer 872,customer872@example.com,2023-01-29,Clothing,65.07,3.0
1444,customer 873,customer873@example.com,2023-05-17,Electronics,56.47,4.0
1875,CUSTOMER 874,customer874@example.com,2023-07-14,Clothng,185.25,5.0
1181,customer 875,customer875@example.com,2023-08-14,Electronics,84.96,1.0
1166,customer 876,customer876@example.com,11/28/23,Electornics,180.75,1.0
1090,CUSTOMER 877,customer877@example.com,2023-06-19,Electornics,149.85,4.0
1713,CUSTOMER 878,customer878@example.com,2023-01-09,Clothing,120.39,3.0
1857,CUSTOMER 879,customer879@example.com,02/09/23,Clothing,122.63,2.0
1530,CUSTOMER 880,customer880@example.com,2023-01-25,Clothing,29.98,1.0
1038,customer 881,customer881@example.com,2023-09-18,Electornics,110.34,4.0
1125,customer 882,customer882@example.com,08/14/23,Electronics,170.85,5.0
1450,customer 883,customer883@example.com,2023-05-04,Electronics,134.07,
1172,customer 884,customer884@example.com,02/07/23,Clothing,107.72,4.0
1652,CUSTOMER 885,customer885@example.com,2023-11-24,Clothng,185.6,4.0
1753,customer 886,customer886@example.com,09/08/23,Electronics,90.75,1.0
1219,CUSTOMER 887,customer887@example.com,2023-06-25,Electornics,69.02,4.0
1637,customer 888,customer888@example.com,2023-03-31,Books,107.69,3.0
1057,CUSTOMER 889,customer889@example.com,2023-02-06,Books,138.32,4.0
1659,customer 890,customer890@example.com,2023-11-12,Books,14.11,3.0
1475,CUSTOMER 891,customer891@example.com,2023-06-25,Clothng,114.24,2.0
1455,CUSTOMER 892,customer892@example.com,2023-10-11,Clothing,140.52,1.0
1828,customer 893,customer893@example.com,03/22/23,Electornics,86.52,3.0
1894,CUSTOMER 894,customer894@example.com,2023-04-24,Clothng,155.35,1.0
1360,customer 895,customer895@example.com,2023-02-09,Electornics,132.06,2.0
1934,CUSTOMER 896,customer896@example.com,2023-10-28,Electornics,207.07,
1000,customer 897,customer897@example.com,2023-08-12,Clothing,62.47,3.0
1386,CUSTOMER 898,customer898@example.com,2023-11-14,Books,141.54,4.0
1972,CUSTOMER 899,customer899@example.com,2023-12-15,Clothing,49.13,5.0
1347,CUSTOMER 900,customer900@example.com,2023-04-25,Clothng,19.23,
1189,CUSTOMER 901,customer901@example.com,07/05/23,Clothng,-1.78,4.0
1504,CUSTOMER 902,customer902@example.com,2023-11-19,Clothng,126.92,5.0
1190,CUSTOMER 903,customer903@example.com,2023-02-25,Clothing,109.21,3.0
1507,CUSTOMER 904,customer904@example.com,2023-02-09,Electornics,76.05,3.0
1368,CUSTOMER 905,customer905@example.com,2023-12-20,Electornics,11.32,3.0
1408,customer 906,customer906@example.com,02/09/23,Electronics,65.48,4.0
1823,customer 907,customer907@example.com,2023-12-13,Clothng,100.2,4.0
1928,CUSTOMER 908,customer908@example.com,2023-08-25,Electornics,139.66,3.0
1933,customer 909,customer909@example.com,10/16/23,Electronics,99.17,1.0
1116,customer 910,customer910@example.com,2023-09-19,Electornics,112.6,4.0
1133,CUSTOMER 911,customer911@example.com,08/04/23,Clothng,81.19,1.0
1057,customer 912,,2023-05-27,Books,187.46,4.0
1555,CUSTOMER 913,customer913@example.com,12/02/23,Clothng,2000.0,4.0
1684,customer 914,customer914@example.com,2023-06-17,Clothing,65.04,4.0
1671,CUSTOMER 915,customer915@example.com,2023-04-02,Electornics,75.38,5.0
1172,customer 916,customer916@example.com,2023-12-19,Electornics,127.14,5.0
1828,customer 917,customer917@example.com,2023-02-28,Clothing,48.06,3.0
1814,CUSTOMER 918,customer918@example.com,2023-02-28,Clothing,106.79,4.0
1148,CUSTOMER 919,,10/31/23,Books,108.25,4.0
1079,customer 920,customer920@example.com,06/18/23,Electornics,65.28,2.0
1885,CUSTOMER 921,customer921@example.com,2023-09-26,Electornics,116.5,1.0
1212,customer 922,customer922@example.com,12/29/23,Books,49.61,2.0
1202,customer 923,customer923@example.com,2023-02-14,Electronics,44.15,3.0
1763,customer 924,customer924@example.com,2023-12-11,Books,104.98,4.0
1228,customer 925,customer925@example.com,2023-06-30,Clothng,17.01,5.0
1675,customer 926,customer926@example.com,2023-06-19,Electornics,-7.24,2.0
1226,customer 927,customer927@example.com,12/22/23,Clothing,126.64,1.0
1658,CUSTOMER 928,customer928@example.com,2023-07-10,Clothng,152.45,
1531,CUSTOMER 929,,2023-06-04,Electornics,76.66,1.0
1440,CUSTOMER 930,customer930@example.com,2023-07-07,Books,66.6,3.0
1401,customer 931,customer931@example.com,2023-01-07,Clothng,150.28,4.0
1046,customer 932,customer932@example.com,05/13/23,Electornics,42.72,4.0
1232,CUSTOMER 933,customer933@example.com,2023-08-23,Electronics,31.83,1.0
1304,customer 934,customer934@example.com,2023-02-14,Electronics,135.38,1.0
1525,CUSTOMER 935,customer935@example.com,2023-11-10,Clothing,100.45,1.0
1142,CUSTOMER 936,customer936@example.com,09/06/23,Electornics,153.24,4.0
1414,customer 937,customer937@example.com,2023-01-31,Electronics,-7.01,4.0
1512,CUSTOMER 938,customer938@example.com,2023-01-23,Books,29.97,2.0
1372,customer 939,customer939@example.com,06/09/23,Electornics,100.72,4.0
1565,CUSTOMER 940,customer940@example.com,2023-12-29,Books,120.88,5.0
1885,customer 941,customer941@example.com,2023-06-07,Books,,1.0
1258,customer 942,customer942@example.com,2023-02-08,Electronics,108.74,3.0
1655,CUSTOMER 943,customer943@example.com,2023-03-23,Electornics,,4.0
1470,customer 944,customer944@example.com,12/22/23,Clothng,80.53,2.0
1952,customer 945,,2023-09-15,Electronics,179.55,3.0
1970,CUSTOMER 946,customer946@example.com,2023-07-25,Electronics,44.85,4.0
1011,CUSTOMER 947,customer947@example.com,2023-03-18,Electornics,117.95,5.0
1329,customer 948,,2023-01-12,Electornics,50.61,5.0
1735,CUSTOMER 949,customer949@example.com,2023-10-22,Books,126.74,4.0
1783,CUSTOMER 950,customer950@example.com,08/12/23,Electornics,48.15,4.0
1967,CUSTOMER 951,customer951@example.com,2023-01-13,Books,137.19,3.0
1357,CUSTOMER 952,customer952@example.com,2023-02-15,Electronics,105.61,4.0
1971,customer 953,customer953@example.com,2023-06-04,Clothing,187.23,3.0
1407,CUSTOMER 954,customer954@example.com,2023-04-23,Clothng,85.95,2.0
1667,CUSTOMER 955,customer955@example.com,2023-08-21,Electronics,121.25,4.0
1372,CUSTOMER 956,customer956@example.com,2023-01-17,Electornics,61.02,4.0
1007,CUSTOMER 957,customer957@example.com,12/26/23,Clothng,85.61,3.0
1121,customer 958,customer958@example.com,2023-08-11,Clothing,105.29,5.0
1347,CUSTOMER 959,customer959@example.com,2023-12-20,Clothing,23.64,1.0
1675,customer 960,customer960@example.com,2023-07-07,Books,29.12,3.0
1089,CUSTOMER 961,customer961@example.com,2023-12-10,Clothng,129.99,1.0
1647,CUSTOMER 962,customer962@example.com,2023-12-31,Books,92.7,5.0
1697,customer 963,customer963@example.com,2023-06-12,Electronics,70.35,4.0
1315,CUSTOMER 964,customer964@example.com,2023-11-22,Clothng,63.15,3.0
1177,customer 965,customer965@example.com,2023-03-15,Electronics,65.08,4.0
1539,customer 966,customer966@example.com,2023-08-21,Books,105.63,3.0
1731,CUSTOMER 967,customer967@example.com,2023-08-12,Clothng,122.25,5.0
1868,CUSTOMER 968,customer968@example.com,2023-11-15,Books,-4.61,3.0
1040,customer 969,customer969@example.com,2023-03-01,Clothng,170.64,3.0
1739,CUSTOMER 970,customer970@example.com,2023-12-01,Books,167.09,5.0
1703,CUSTOMER 971,customer971@example.com,2023-08-10,Clothing,-16.53,2.0
1922,CUSTOMER 972,customer972@example.com,2023-02-06,Books,154.3,1.0
1501,CUSTOMER 973,customer973@example.com,10/05/23,Clothing,152.76,4.0
1958,customer 974,customer974@example.com,07/15/23,Books,100.02,
1144,CUSTOMER 975,customer975@example.com,2023-12-18,Clothng,35.14,3.0
1200,CUSTOMER 976,customer976@example.com,2023-08-30,Clothng,150.76,1.0
1928,customer 977,customer977@example.com,2023-11-20,Clothng,87.94,3.0
1723,CUSTOMER 978,,2023-08-07,Electornics,127.44,4.0
1460,CUSTOMER 979,customer979@example.com,07/11/23,Electronics,210.96,2.0
1731,customer 980,customer980@example.com,2023-01-17,Clothng,112.59,4.0
1751,CUSTOMER 981,customer981@example.com,2023-01-12,Clothing,54.16,
1924,customer 982,customer982@example.com,2023-07-12,Clothng,83.21,3.0
1908,customer 983,customer983@example.com,2023-01-22,Electornics,60.53,3.0
1557,CUSTOMER 984,customer984@example.com,04/30/23,Clothing,121.67,3.0
1546,customer 985,customer985@example.com,07/29/23,Electornics,,1.0
1252,CUSTOMER 986,,2023-11-02,Clothing,76.36,5.0
1389,CUSTOMER 987,customer987@example.com,2023-09-27,Books,35.78,3.0
1593,customer 988,customer988@example.com,2023-07-11,Electronics,93.4,3.0
1882,customer 989,customer989@example.com,06/24/23,Electronics,108.84,4.0
1255,CUSTOMER 990,customer990@example.com,10/12/23,Electornics,-34.24,3.0
1708,customer 991,customer991@example.com,2023-07-23,Electronics,112.98,4.0
1814,customer 992,customer992@example.com,2023-06-13,Electornics,97.71,1.0
1920,customer 993,customer993@example.com,2023-09-08,Electornics,61.75,5.0
1449,customer 994,customer994@example.com,08/15/23,Electornics,201.43,5.0
1009,CUSTOMER 995,customer995@example.com,2023-01-07,Electronics,147.92,4.0
1823,CUSTOMER 996,customer996@example.com,01/29/23,Electornics,45.18,
1797,customer 997,customer997@example.com,02/02/23,Electronics,141.91,2.0
1241,CUSTOMER 998,customer998@example.com,2023-05-14,Electornics,162.22,3.0
1250,customer 999,customer999@example.com,03/20/23,Clothng,106.6,4.0
1175,CUSTOMER 521,customer521@example.com,12/25/23,Electornics,84.0,4.0
1825,CUSTOMER 737,customer737@example.com,2023-10-09,Electornics,140.17,4.0
1492,CUSTOMER 740,customer740@example.com,2023-09-27,Books,-15.46,2.0
1340,customer 660,customer660@example.com,2023-01-11,Electornics,112.38,4.0
1719,CUSTOMER 411,customer411@example.com,2023-10-30,Electornics,62.65,5.0
1658,customer 678,customer678@example.com,08/27/23,Electornics,127.46,1.0
1236,CUSTOMER 626,customer626@example.com,06/14/23,Electronics,108.14,3.0
1385,CUSTOMER 513,customer513@example.com,2023-04-23,Clothing,93.75,1.0
1832,CUSTOMER 859,customer859@example.com,2023-06-09,Clothng,109.48,4.0
1343,customer 136,customer136@example.com,2023-03-19,Clothing,24.08,1.0
1483,CUSTOMER 811,customer811@example.com,07/06/23,Clothing,73.6,1.0
1366,CUSTOMER 76,customer76@example.com,2023-12-01,Clothng,8.46,3.0
1860,CUSTOMER 636,customer636@example.com,05/14/23,Electornics,169.62,2.0
1501,CUSTOMER 973,customer973@example.com,2023-10-05,Clothing,152.76,4.0
1512,customer 938,customer938@example.com,2023-01-23,Books,29.97,2.0
1972,customer 899,customer899@example.com,2023-12-15,Clothing,49.13,5.0
1951,CUSTOMER 280,customer280@example.com,2023-11-29,Clothng,158.81,4.0
1450,customer 883,customer883@example.com,2023-05-04,Electronics,134.07,
1663,customer 761,customer761@example.com,2023-10-20,Electornics,73.26,
1751,CUSTOMER 319,customer319@example.com,2023-09-27,Books,91.93,3.0
